<?xml version="1.0" encoding="UTF-8"?>
<project-private xmlns="http://www.netbeans.org/ns/project-private/1">
    <editor-bookmarks xmlns="http://www.netbeans.org/ns/editor-bookmarks/2" lastBookmarkId="0"/>
    <open-files xmlns="http://www.netbeans.org/ns/projectui-open-files/2">
        <group>
            <file>file:/C:/Users/admin/Documents/NetBeansProjects/BTLL/src/view/FrMainForm.java</file>
            <file>file:/C:/Users/admin/Documents/NetBeansProjects/BTLL/src/view/HocVienDialog.java</file>
            <file>file:/C:/Users/admin/Documents/NetBeansProjects/BTLL/src/model/Grade.java</file>
            <file>file:/C:/Users/admin/Documents/NetBeansProjects/BTLL/src/model/HocVien.java</file>
            <file>file:/C:/Users/admin/Documents/NetBeansProjects/BTLL/src/model/HocVienDAO.java</file>
            <file>file:/C:/Users/admin/Documents/NetBeansProjects/BTLL/src/model/UserDAO.java</file>
            <file>file:/C:/Users/admin/Documents/NetBeansProjects/BTLL/src/view/LoginDialog.java</file>
            <file>file:/C:/Users/admin/Documents/NetBeansProjects/BTLL/src/view/GiaoVienDialog.java</file>
            <file>file:/C:/Users/admin/Documents/NetBeansProjects/BTLL/src/view/QuanLyDiemDialog.java</file>
            <file>file:/C:/Users/admin/Documents/NetBeansProjects/BTLL/src/model/GradeDAO.java</file>
        </group>
    </open-files>
</project-private>
